type,name,url,members
Facebook,Unreal Engine Developers Community,https://www.facebook.com/groups/ue4devs/,48200 
Facebook,Unreal Engine 4https://www.facebook.com/groups/unreal4/,24200 
Facebook,Unreal Engine Game Developers Club,https://www.facebook.com/groups/unrealfour/,8700 
Facebook,Unreal Engine 4 Beginners,https://www.facebook.com/groups/467991570685914/,7300 
Facebook,Unity Developers,https://www.facebook.com/groups/1000038303359383/,33700 
Facebook,UNITY3D Game Developers☑️,https://www.facebook.com/groups/511573835572177/,62100 
Facebook,Unity Game Developers International,https://www.facebook.com/groups/Unity3DGameDev/,82600 
Facebook,UNITY 3D,https://www.facebook.com/groups/kingprika/,37900 
Facebook,UNITY3D,https://www.facebook.com/groups/unity3d/,38700 
Facebook,Indie Game Developers,https://www.facebook.com/groups/IndieGameDevs/,122600 
Facebook,Game Development,https://www.facebook.com/groups/gamedevelopmentx,50400 
Facebook,GameDev Beginners,https://www.facebook.com/groups/GameDevBeginners,27700 
Facebook,Game Developers,https://www.facebook.com/groups/gamedev,29500 
Reddit,r/gamedev,https://www.reddit.com/r/gamedev,451000 
Reddit,r/unity,https://www.reddit.com/r/unity/,16900 
Reddit,r/Unity2D,https://www.reddit.com/r/Unity2D/,73000 
Reddit,r/Unity3D,https://www.reddit.com/r/Unity3D/,193000 
Reddit,r/unrealengine,https://www.reddit.com/r/unrealengine/,84800 
forum,itch.io,https://itch.io/board/10019/general-development,
forum,Unity Forum,https://forum.unity.com,
forum,Unreal Engine Forums,https://forums.unrealengine.com,
Discord,Game Dev League,https://discord.gg/gamedev,44000 
Discord,Game Dev Network,https://discord.gg/gdn,21500 
Discord,GameDev Community,https://discord.gg/TJZUy8H,5500 
Discord,Official Unity Discord,https://discord.gg/unity,44000 
Discord,Unreal Slackers,https://discord.gg/unreal-slackers,52500 
LinkedIn,Unity,https://www.linkedin.com/groups/115629/,41713 
LinkedIn,Unreal Engine Developers,https://www.linkedin.com/groups/57319/,18331 
